id;name;jhi_key;place_owner_id;class_co;class_extra;meta_keywords;meta_description;page_title;city_id;place_area_id;address_line_1;address_line_2;location;phone_1;phone_2;fax;is_visible;default_image_id;description;rules_and_regulations;select_reason;review;checkin_hour;checkout_hour;priority;total_score;extra_person_price;half_charge_check_in;half_charge_check_out;default_video_url;virtual_tour_url;postal_code;cancellation_policy;bedroom;bath_room;lavatory;w_c;infrastructure_area;total_area;capacity;max_capacity;registration_source;booking_policy;review_status;status;base_price;commission
1;monitor 1080p Checking Account;world-class Frozen IB;Highway Ergonomic;37081;Lempira;pixel withdrawal;Mississippi embrace Developer;synthesize Idaho compress;Sleek Metal Table Small;43933;red;withdrawal knowledge base Buckinghamshire;Concrete Investment Account Saint Lucia;User-centric;Money Market Account;Salad Web virtual;true;10549;Squares mint green e-business;Ghana back-end National;Direct;Profit-focused;42710;52;81801;35256;86073;30478;695;Borders;Bedfordshire Bahamian Dollar;24/7;Gloves sky blue Oklahoma;40383;36362;6489;97178;25391;96244;24687;25178;Buckinghamshire capability zero tolerance;3688;26678;60956;97661;50267
2;Small Plastic Pants Investor;Canadian Dollar;Berkshire Designer;24205;Bulgarian Lev navigate;Re-contextualized;web-enabled invoice withdrawal;bypassing optical;installation;18651;Refined Rubber Gloves Algerian Dinar Clothing;open-source turn-key;Sausages;disintermediate Cambridgeshire hacking;bricks-and-clicks Concrete Global;Fiji Dollar Profound Bacon;true;55520;Equatorial Guinea Vision-oriented;Agent;Human deposit;even-keeled Saint Helena Pound;84666;89711;85632;88708;40450;77987;88777;bypassing Marketing;Dynamic Home Loan Account Tools;Branding;Home Gloves Latvia;69189;44842;65196;99445;22426;17592;71217;1807;Bedfordshire;17882;74649;36646;64963;74417
3;alarm local area network Benin;turn-key dedicated;Wisconsin;97889;Cambridgeshire Investor;cross-platform Borders;Libyan Dinar CSS;sensor;Alaska;76855;Intelligent Frozen Sausages Villages;Human;back up Factors;architectures;Wisconsin Facilitator Incredible;reinvent;true;26847;Bedfordshire;Maryland Configuration;Intranet Ergonomic Concrete Soap Zambian Kwacha;Concrete Bedfordshire;87737;32255;74076;84866;69701;13662;70248;real-time discrete redundant;Synergistic Personal Loan Account Sleek;Borders;olive Handcrafted Cotton Bacon Unbranded Fresh Pants;2761;37558;57886;9398;43847;57828;67202;3594;Dale;54264;98184;28654;83893;59083
4;Computers Small Fresh Gloves back-end;interface;compress lavender Investment Account;8534;Intelligent Granite Shirt Peru deposit;Frozen Analyst card;redundant;content;Gorgeous Electronics Brand;83598;Saudi Riyal paradigms;Corporate;Enterprise-wide Benin;Tuna Response invoice;alarm Jamaica;system Gorgeous Rubber Pants;false;75784;Garden;Small;Incredible Fresh Chips;Shoes Music connect;80691;47347;34630;17320;46467;43385;64977;Generic Frozen Tuna HTTP;implement;Optimization Cambridgeshire;payment Soap;7056;94389;64241;94425;2651;86719;58577;63640;multi-byte Jamaican Dollar North Carolina;12850;45825;81120;54561;82063
5;Investment Account parsing invoice;black;yellow;37725;Ergonomic Rubber Chicken;Handcrafted Plastic Shirt quantifying;wireless;hybrid;Solomon Islands Dollar;34833;Accountability Handmade Cotton Bacon;intermediate Table quantify;Wyoming interface Cotton;quantify;JSON Texas;bandwidth;true;73990;Configurable iterate Liechtenstein;navigating encoding;Fantastic Small Frozen Salad bypassing;time-frame Quality;95060;48252;57343;49302;63183;8328;44844;methodical;Pakistan;parse;neural Wooden Optimization;97424;5755;99593;54952;5587;44153;73703;88770;cross-media Frozen;14299;68803;76151;83696;61821
6;Refined Practical Algerian Dinar;revolutionize;panel Sleek Intelligent;98663;exploit transition;User-centric Principal Pennsylvania;repurpose Sleek;mesh system Triple-buffered;Cotton;49262;Tools;Arizona hack;Fresh payment synthesize;Versatile seize;asymmetric EXE;web services;true;1215;Designer Incredible Fresh Car Tuvalu;Senior Optional Yemeni Rial;Central African Republic;magenta heuristic;99583;62755;69692;58431;38420;90115;73710;Product;Brand Regional Court;B2B Mouse;Junctions one-to-one;58365;26593;7773;36034;97439;25994;98621;45324;Beauty dynamic schemas;60278;68473;27095;16261;13318
7;Licensed Usability models;Personal Loan Account markets;SCSI Aruba Chair;41125;transmit Ways;Shirt Credit Card Account disintermediate;transmitting Tennessee Practical Steel Shirt;24/7;Refined;69171;Zimbabwe parse Customer;input Accounts;enhance Multi-channelled purple;Response;white SMTP;Checking Account global Steel;true;49816;Springs connecting;SAS;Planner Refined;engage Granite Grocery;75513;78466;62030;63936;70407;80504;21296;Rubber Industrial seamless;withdrawal Jamaica;International;Luxembourg Spurs;91047;39654;29795;62208;52360;86236;69764;94952;Granite Configuration Buckinghamshire;25824;6623;45913;4586;98003
8;Berkshire concept;Illinois robust;Granite Rubber;15190;Metal deposit;Rupiah;Human Mission;Officer Savings Account Automated;Pants even-keeled Chair;8870;Granite Island;Regional;Bedfordshire;alliance Licensed Plaza;Sleek GB Regional;Home;true;80620;quantify;Manager;cultivate Bedfordshire;navigate Kiribati;72051;74747;6234;3668;14773;25243;13311;Bond Markets Units European Composite Unit (EURCO) connecting generate;Refined;back-end enhance;optimal;37728;18228;2007;56396;32207;84070;21144;8920;Brazil;23321;89052;34292;59359;47396
9;impactful withdrawal Club;Russian Federation Nevada;Michigan Connecticut empower;33744;Dynamic Home Loan Account;dot-com;methodology Integration Music;Pants;Avon;85081;Gorgeous;Car Internal Small;Grocery Rand Namibia Dollar;Fresh incubate Agent;Jewelery Engineer Bedfordshire;Tanzanian Shilling Assurance Nebraska;true;47661;synthesizing;silver;system;Buckinghamshire;24240;52984;11483;70723;61062;76777;28863;Montana;Applications;Montenegro;frictionless;45426;13441;54860;6337;54892;98996;20173;32235;primary Customer-focused UAE Dirham;76022;11669;59563;47316;47157
10;users scalable;transmitting parse infrastructures;matrix Implementation Shirt;6649;synthesize Arizona synthesizing;synthesizing;indigo Bacon Mouse;Programmable payment National;HDD;39244;indexing models e-enable;Money Market Account Saint Helena;Borders Grass-roots;disintermediate Mali Unbranded Concrete Soap;Cotton Tactics;array Belize Dollar;false;79402;Investment Account Rwanda Customer;Liaison copy program;hack Electronics Oklahoma;Cambridgeshire navigate Licensed;53648;11063;37882;84645;45700;12748;60395;Buckinghamshire Cameroon;Intuitive application;Baby Credit Card Account Nevada;Persistent transparent Chips;90845;34252;58339;22735;40085;42359;46200;28792;Savings Account Customer Granite;10079;61145;25601;1811;72609
